<?xml version="1.0" encoding="UTF-8"?>
<project-private xmlns="http://www.netbeans.org/ns/project-private/1">
    <editor-bookmarks xmlns="http://www.netbeans.org/ns/editor-bookmarks/2" lastBookmarkId="0"/>
    <open-files xmlns="http://www.netbeans.org/ns/projectui-open-files/2">
        <group>
            <file>file:/C:/Program%20Files%20(x86)/EasyPHP-Devserver-17/eds-www/PUNKENGINE/PUNK_ENGINE_2_5/JSprototyping/TestTargetSheet/public_html/NomenclatureUGB.js</file>
            <file>file:/C:/Program%20Files%20(x86)/EasyPHP-Devserver-17/eds-www/PUNKENGINE/PUNK_ENGINE_2_5/JSprototyping/TestTargetSheet/public_html/GL_TargetSheet.js</file>
            <file>file:/C:/Program%20Files%20(x86)/EasyPHP-Devserver-17/eds-www/PUNKENGINE/PUNK_ENGINE_2_5/JSprototyping/TestTargetSheet/public_html/index.html</file>
            <file>file:/C:/Program%20Files%20(x86)/EasyPHP-Devserver-17/eds-www/PUNKENGINE/PUNK_ENGINE_2_5/JSprototyping/TestTargetSheet/public_html/GL_Entry.js</file>
            <file>file:/C:/Program%20Files%20(x86)/EasyPHP-Devserver-17/eds-www/PUNKENGINE/PUNK_ENGINE_2_5/JSprototyping/TestTargetSheet/public_html/Module.js</file>
            <file>file:/C:/Program%20Files%20(x86)/EasyPHP-Devserver-17/eds-www/PUNKENGINE/PUNK_ENGINE_2_5/JSprototyping/TestTargetSheet/public_html/main.js</file>
        </group>
    </open-files>
</project-private>
